Índice de Gini da renda domiciliar per capita segundo região, UF e região metropolitana,,,,
Período: 1991, 2000 e 2010,,,,
Região, UF e Região Metropolitana,1991,2000,2010,
Região Norte,0,6257,0,6545,0.6319
Rondônia,0,6155,0,611,0.5210
Acre,0,6259,0,6477,0.5330
Amazonas,0,6282,0,6823,0.5460
Roraima,0,6216,0,6202,0.5460
Pará,0,6206,0,6512,0.5410
.. Belém,0,604,0,6333,0.6106
Amapá,0,585,0,6318,0.5390
Tocantins,0,6331,0,655,0.5430
Região Nordeste,0,6593,0,6682,0.6277
Maranhão,0,6078,0,657,0.5550
Piauí,0,6514,0,6587,0.5690
Ceará,0,6678,0,6742,0.5560
.. Fortaleza,0,658,0,6583,0.6191
Rio Grande do Norte,0,6375,0,6555,0.5430
Paraíba,0,6453,0,644,0.5630
Pernambuco,0,6606,0,6706,0.5530
.. Recife,0,6572,0,6639,0.6540
Alagoas,0,6383,0,6868,0.5480
Sergipe,0,6352,0,6561,0.5640
Bahia,0,674,0,6654,0.5600
.. Salvador,0,6595,0,6602,0.6413
Região Sudeste,0,5984,0,6093,0.5850
Minas Gerais,0,6188,0,6159,0.5090
.. Belo Horizonte,0,6136,0,6206,0.5921
Espírito Santo,0,6017,0,6081,0.5230
Rio de Janeiro,0,6133,0,6146,0.5320
.. Rio de Janeiro,0,6116,0,6191,0.6253
São Paulo,0,5598,0,5925,0.5140
.. São Paulo,0,5614,0,6095,0.6205
Região Sul,0,5857,0,5893,0.5337
Paraná,0,5997,0,6065,0.5060
.. Curitiba,0,5655,0,6055,0.5629
Santa Catarina,0,5482,0,5616,0.4640
Rio Grande do Sul,0,588,0,5863,0.5040
.. Porto Alegre,0,5663,0,5929,0.5768
Região Centro-Oeste,0,6244,0,642,0.6019
Mato Grosso do Sul,0,6088,0,6258,0.5260
Mato Grosso,0,6011,0,6278,0.5030
Goiás,0,5905,0,6131,0.5120
Distrito Federal,0,6203,0,6406,0.5940
Total,0,6383,0,646,0.6086
Fonte: IBGE/Censos Demográficos 1991, 2000 e 2010,,,,
